<?xml version='1.0' encoding='utf-8'?>
<annotation>
  <folder>Images</folder>
<filename>hard_hat_workers889.png</filename>
<size>
    <width>416</width>
  <height>416</height>
  <depth>3</depth>
  </size>
<segmented>0</segmented>
<object>
    <name>Hardhat</name>
  <pose>Unspecified</pose>
  <turncated>0</turncated>
  <occluded>0</occluded>
  <difficult>0</difficult>
  <bndbox>
      <xmin>221</xmin>
    <ymin>158</ymin>
    <xmax>264</xmax>
    <ymax>211</ymax>
    </bndbox>
  </object>
<object>
    <name>Hardhat</name>
  <pose>Unspecified</pose>
  <turncated>0</turncated>
  <occluded>0</occluded>
  <difficult>0</difficult>
  <bndbox>
      <xmin>262</xmin>
    <ymin>180</ymin>
    <xmax>284</xmax>
    <ymax>205</ymax>
    </bndbox>
  </object>
<object>
    <name>Hardhat</name>
  <pose>Unspecified</pose>
  <turncated>0</turncated>
  <occluded>0</occluded>
  <difficult>0</difficult>
  <bndbox>
      <xmin>193</xmin>
    <ymin>170</ymin>
    <xmax>227</xmax>
    <ymax>211</ymax>
    </bndbox>
  </object>
</annotation>
