<?xml version='1.0' encoding='utf-8'?>
<annotation>
  <folder>Images</folder>
<filename>hard_hat_workers1724.png</filename>
<size>
    <width>416</width>
  <height>416</height>
  <depth>3</depth>
  </size>
<segmented>0</segmented>
<object>
    <name>Head</name>
  <pose>Unspecified</pose>
  <turncated>0</turncated>
  <occluded>0</occluded>
  <difficult>0</difficult>
  <bndbox>
      <xmin>259</xmin>
    <ymin>215</ymin>
    <xmax>274</xmax>
    <ymax>233</ymax>
    </bndbox>
  </object>
<object>
    <name>Head</name>
  <pose>Unspecified</pose>
  <turncated>0</turncated>
  <occluded>0</occluded>
  <difficult>0</difficult>
  <bndbox>
      <xmin>288</xmin>
    <ymin>211</ymin>
    <xmax>306</xmax>
    <ymax>232</ymax>
    </bndbox>
  </object>
<object>
    <name>Head</name>
  <pose>Unspecified</pose>
  <turncated>0</turncated>
  <occluded>0</occluded>
  <difficult>0</difficult>
  <bndbox>
      <xmin>194</xmin>
    <ymin>198</ymin>
    <xmax>210</xmax>
    <ymax>221</ymax>
    </bndbox>
  </object>
<object>
    <name>Head</name>
  <pose>Unspecified</pose>
  <turncated>0</turncated>
  <occluded>0</occluded>
  <difficult>0</difficult>
  <bndbox>
      <xmin>189</xmin>
    <ymin>186</ymin>
    <xmax>203</xmax>
    <ymax>205</ymax>
    </bndbox>
  </object>
<object>
    <name>Head</name>
  <pose>Unspecified</pose>
  <turncated>0</turncated>
  <occluded>0</occluded>
  <difficult>0</difficult>
  <bndbox>
      <xmin>389</xmin>
    <ymin>200</ymin>
    <xmax>403</xmax>
    <ymax>219</ymax>
    </bndbox>
  </object>
<object>
    <name>Head</name>
  <pose>Unspecified</pose>
  <turncated>0</turncated>
  <occluded>0</occluded>
  <difficult>0</difficult>
  <bndbox>
      <xmin>136</xmin>
    <ymin>191</ymin>
    <xmax>156</xmax>
    <ymax>218</ymax>
    </bndbox>
  </object>
<object>
    <name>Head</name>
  <pose>Unspecified</pose>
  <turncated>0</turncated>
  <occluded>0</occluded>
  <difficult>0</difficult>
  <bndbox>
      <xmin>52</xmin>
    <ymin>179</ymin>
    <xmax>76</xmax>
    <ymax>206</ymax>
    </bndbox>
  </object>
<object>
    <name>Hardhat</name>
  <pose>Unspecified</pose>
  <turncated>0</turncated>
  <occluded>0</occluded>
  <difficult>0</difficult>
  <bndbox>
      <xmin>331</xmin>
    <ymin>210</ymin>
    <xmax>357</xmax>
    <ymax>239</ymax>
    </bndbox>
  </object>
<object>
    <name>Hardhat</name>
  <pose>Unspecified</pose>
  <turncated>0</turncated>
  <occluded>0</occluded>
  <difficult>0</difficult>
  <bndbox>
      <xmin>0</xmin>
    <ymin>157</ymin>
    <xmax>56</xmax>
    <ymax>276</ymax>
    </bndbox>
  </object>
</annotation>
