<?xml version='1.0' encoding='utf-8'?>
<annotation>
  <folder>Images</folder>
<filename>hard_hat_workers4787.png</filename>
<size>
    <width>416</width>
  <height>416</height>
  <depth>3</depth>
  </size>
<segmented>0</segmented>
<object>
    <name>Head</name>
  <pose>Unspecified</pose>
  <turncated>0</turncated>
  <occluded>0</occluded>
  <difficult>0</difficult>
  <bndbox>
      <xmin>276</xmin>
    <ymin>168</ymin>
    <xmax>325</xmax>
    <ymax>235</ymax>
    </bndbox>
  </object>
<object>
    <name>Head</name>
  <pose>Unspecified</pose>
  <turncated>0</turncated>
  <occluded>0</occluded>
  <difficult>0</difficult>
  <bndbox>
      <xmin>185</xmin>
    <ymin>153</ymin>
    <xmax>227</xmax>
    <ymax>209</ymax>
    </bndbox>
  </object>
<object>
    <name>Head</name>
  <pose>Unspecified</pose>
  <turncated>0</turncated>
  <occluded>0</occluded>
  <difficult>0</difficult>
  <bndbox>
      <xmin>96</xmin>
    <ymin>172</ymin>
    <xmax>123</xmax>
    <ymax>208</ymax>
    </bndbox>
  </object>
<object>
    <name>Head</name>
  <pose>Unspecified</pose>
  <turncated>0</turncated>
  <occluded>0</occluded>
  <difficult>0</difficult>
  <bndbox>
      <xmin>402</xmin>
    <ymin>157</ymin>
    <xmax>415</xmax>
    <ymax>206</ymax>
    </bndbox>
  </object>
<object>
    <name>Head</name>
  <pose>Unspecified</pose>
  <turncated>0</turncated>
  <occluded>0</occluded>
  <difficult>0</difficult>
  <bndbox>
      <xmin>169</xmin>
    <ymin>170</ymin>
    <xmax>192</xmax>
    <ymax>207</ymax>
    </bndbox>
  </object>
<object>
    <name>Hardhat</name>
  <pose>Unspecified</pose>
  <turncated>0</turncated>
  <occluded>0</occluded>
  <difficult>0</difficult>
  <bndbox>
      <xmin>239</xmin>
    <ymin>174</ymin>
    <xmax>251</xmax>
    <ymax>190</ymax>
    </bndbox>
  </object>
</annotation>
