<?xml version='1.0' encoding='utf-8'?>
<annotation>
  <folder>Images</folder>
<filename>hard_hat_workers2701.png</filename>
<size>
    <width>416</width>
  <height>416</height>
  <depth>3</depth>
  </size>
<segmented>0</segmented>
<object>
    <name>Head</name>
  <pose>Unspecified</pose>
  <turncated>0</turncated>
  <occluded>0</occluded>
  <difficult>0</difficult>
  <bndbox>
      <xmin>276</xmin>
    <ymin>157</ymin>
    <xmax>314</xmax>
    <ymax>214</ymax>
    </bndbox>
  </object>
<object>
    <name>Head</name>
  <pose>Unspecified</pose>
  <turncated>0</turncated>
  <occluded>0</occluded>
  <difficult>0</difficult>
  <bndbox>
      <xmin>157</xmin>
    <ymin>161</ymin>
    <xmax>185</xmax>
    <ymax>196</ymax>
    </bndbox>
  </object>
<object>
    <name>Head</name>
  <pose>Unspecified</pose>
  <turncated>0</turncated>
  <occluded>0</occluded>
  <difficult>0</difficult>
  <bndbox>
      <xmin>218</xmin>
    <ymin>173</ymin>
    <xmax>250</xmax>
    <ymax>212</ymax>
    </bndbox>
  </object>
<object>
    <name>Head</name>
  <pose>Unspecified</pose>
  <turncated>0</turncated>
  <occluded>0</occluded>
  <difficult>0</difficult>
  <bndbox>
      <xmin>386</xmin>
    <ymin>172</ymin>
    <xmax>416</xmax>
    <ymax>218</ymax>
    </bndbox>
  </object>
<object>
    <name>Head</name>
  <pose>Unspecified</pose>
  <turncated>0</turncated>
  <occluded>0</occluded>
  <difficult>0</difficult>
  <bndbox>
      <xmin>12</xmin>
    <ymin>169</ymin>
    <xmax>32</xmax>
    <ymax>189</ymax>
    </bndbox>
  </object>
<object>
    <name>Head</name>
  <pose>Unspecified</pose>
  <turncated>0</turncated>
  <occluded>0</occluded>
  <difficult>0</difficult>
  <bndbox>
      <xmin>66</xmin>
    <ymin>183</ymin>
    <xmax>103</xmax>
    <ymax>229</ymax>
    </bndbox>
  </object>
<object>
    <name>Head</name>
  <pose>Unspecified</pose>
  <turncated>0</turncated>
  <occluded>0</occluded>
  <difficult>0</difficult>
  <bndbox>
      <xmin>307</xmin>
    <ymin>160</ymin>
    <xmax>334</xmax>
    <ymax>204</ymax>
    </bndbox>
  </object>
<object>
    <name>Head</name>
  <pose>Unspecified</pose>
  <turncated>0</turncated>
  <occluded>0</occluded>
  <difficult>0</difficult>
  <bndbox>
      <xmin>0</xmin>
    <ymin>177</ymin>
    <xmax>14</xmax>
    <ymax>202</ymax>
    </bndbox>
  </object>
<object>
    <name>Head</name>
  <pose>Unspecified</pose>
  <turncated>0</turncated>
  <occluded>0</occluded>
  <difficult>0</difficult>
  <bndbox>
      <xmin>93</xmin>
    <ymin>162</ymin>
    <xmax>127</xmax>
    <ymax>205</ymax>
    </bndbox>
  </object>
<object>
    <name>Head</name>
  <pose>Unspecified</pose>
  <turncated>0</turncated>
  <occluded>0</occluded>
  <difficult>0</difficult>
  <bndbox>
      <xmin>141</xmin>
    <ymin>182</ymin>
    <xmax>154</xmax>
    <ymax>196</ymax>
    </bndbox>
  </object>
</annotation>
