<?xml version='1.0' encoding='utf-8'?>
<annotation>
  <folder>Images</folder>
<filename>hard_hat_workers651.png</filename>
<size>
    <width>416</width>
  <height>416</height>
  <depth>3</depth>
  </size>
<segmented>0</segmented>
<object>
    <name>Hardhat</name>
  <pose>Unspecified</pose>
  <turncated>0</turncated>
  <occluded>0</occluded>
  <difficult>0</difficult>
  <bndbox>
      <xmin>238</xmin>
    <ymin>171</ymin>
    <xmax>255</xmax>
    <ymax>187</ymax>
    </bndbox>
  </object>
<object>
    <name>Hardhat</name>
  <pose>Unspecified</pose>
  <turncated>0</turncated>
  <occluded>0</occluded>
  <difficult>0</difficult>
  <bndbox>
      <xmin>109</xmin>
    <ymin>169</ymin>
    <xmax>143</xmax>
    <ymax>197</ymax>
    </bndbox>
  </object>
</annotation>
