<?xml version='1.0' encoding='utf-8'?>
<annotation>
  <folder>Images</folder>
<filename>hard_hat_workers2289.png</filename>
<size>
    <width>416</width>
  <height>416</height>
  <depth>3</depth>
  </size>
<segmented>0</segmented>
<object>
    <name>Head</name>
  <pose>Unspecified</pose>
  <turncated>0</turncated>
  <occluded>0</occluded>
  <difficult>0</difficult>
  <bndbox>
      <xmin>83</xmin>
    <ymin>1</ymin>
    <xmax>110</xmax>
    <ymax>27</ymax>
    </bndbox>
  </object>
<object>
    <name>Head</name>
  <pose>Unspecified</pose>
  <turncated>0</turncated>
  <occluded>0</occluded>
  <difficult>0</difficult>
  <bndbox>
      <xmin>116</xmin>
    <ymin>113</ymin>
    <xmax>139</xmax>
    <ymax>141</ymax>
    </bndbox>
  </object>
<object>
    <name>Head</name>
  <pose>Unspecified</pose>
  <turncated>0</turncated>
  <occluded>0</occluded>
  <difficult>0</difficult>
  <bndbox>
      <xmin>218</xmin>
    <ymin>121</ymin>
    <xmax>230</xmax>
    <ymax>138</ymax>
    </bndbox>
  </object>
<object>
    <name>Head</name>
  <pose>Unspecified</pose>
  <turncated>0</turncated>
  <occluded>0</occluded>
  <difficult>0</difficult>
  <bndbox>
      <xmin>276</xmin>
    <ymin>128</ymin>
    <xmax>290</xmax>
    <ymax>145</ymax>
    </bndbox>
  </object>
<object>
    <name>Head</name>
  <pose>Unspecified</pose>
  <turncated>0</turncated>
  <occluded>0</occluded>
  <difficult>0</difficult>
  <bndbox>
      <xmin>82</xmin>
    <ymin>107</ymin>
    <xmax>109</xmax>
    <ymax>140</ymax>
    </bndbox>
  </object>
<object>
    <name>Head</name>
  <pose>Unspecified</pose>
  <turncated>0</turncated>
  <occluded>0</occluded>
  <difficult>0</difficult>
  <bndbox>
      <xmin>193</xmin>
    <ymin>121</ymin>
    <xmax>209</xmax>
    <ymax>143</ymax>
    </bndbox>
  </object>
<object>
    <name>Head</name>
  <pose>Unspecified</pose>
  <turncated>0</turncated>
  <occluded>0</occluded>
  <difficult>0</difficult>
  <bndbox>
      <xmin>40</xmin>
    <ymin>1</ymin>
    <xmax>76</xmax>
    <ymax>30</ymax>
    </bndbox>
  </object>
<object>
    <name>Head</name>
  <pose>Unspecified</pose>
  <turncated>0</turncated>
  <occluded>0</occluded>
  <difficult>0</difficult>
  <bndbox>
      <xmin>116</xmin>
    <ymin>1</ymin>
    <xmax>138</xmax>
    <ymax>24</ymax>
    </bndbox>
  </object>
<object>
    <name>Head</name>
  <pose>Unspecified</pose>
  <turncated>0</turncated>
  <occluded>0</occluded>
  <difficult>0</difficult>
  <bndbox>
      <xmin>238</xmin>
    <ymin>119</ymin>
    <xmax>262</xmax>
    <ymax>143</ymax>
    </bndbox>
  </object>
<object>
    <name>Head</name>
  <pose>Unspecified</pose>
  <turncated>0</turncated>
  <occluded>0</occluded>
  <difficult>0</difficult>
  <bndbox>
      <xmin>181</xmin>
    <ymin>120</ymin>
    <xmax>196</xmax>
    <ymax>140</ymax>
    </bndbox>
  </object>
<object>
    <name>Head</name>
  <pose>Unspecified</pose>
  <turncated>0</turncated>
  <occluded>0</occluded>
  <difficult>0</difficult>
  <bndbox>
      <xmin>0</xmin>
    <ymin>72</ymin>
    <xmax>36</xmax>
    <ymax>155</ymax>
    </bndbox>
  </object>
<object>
    <name>Head</name>
  <pose>Unspecified</pose>
  <turncated>0</turncated>
  <occluded>0</occluded>
  <difficult>0</difficult>
  <bndbox>
      <xmin>140</xmin>
    <ymin>130</ymin>
    <xmax>152</xmax>
    <ymax>145</ymax>
    </bndbox>
  </object>
<object>
    <name>Head</name>
  <pose>Unspecified</pose>
  <turncated>0</turncated>
  <occluded>0</occluded>
  <difficult>0</difficult>
  <bndbox>
      <xmin>236</xmin>
    <ymin>0</ymin>
    <xmax>261</xmax>
    <ymax>17</ymax>
    </bndbox>
  </object>
<object>
    <name>Head</name>
  <pose>Unspecified</pose>
  <turncated>0</turncated>
  <occluded>0</occluded>
  <difficult>0</difficult>
  <bndbox>
      <xmin>24</xmin>
    <ymin>96</ymin>
    <xmax>48</xmax>
    <ymax>144</ymax>
    </bndbox>
  </object>
<object>
    <name>Head</name>
  <pose>Unspecified</pose>
  <turncated>0</turncated>
  <occluded>0</occluded>
  <difficult>0</difficult>
  <bndbox>
      <xmin>46</xmin>
    <ymin>106</ymin>
    <xmax>69</xmax>
    <ymax>146</ymax>
    </bndbox>
  </object>
<object>
    <name>Head</name>
  <pose>Unspecified</pose>
  <turncated>0</turncated>
  <occluded>0</occluded>
  <difficult>0</difficult>
  <bndbox>
      <xmin>151</xmin>
    <ymin>124</ymin>
    <xmax>165</xmax>
    <ymax>142</ymax>
    </bndbox>
  </object>
<object>
    <name>Hardhat</name>
  <pose>Unspecified</pose>
  <turncated>0</turncated>
  <occluded>0</occluded>
  <difficult>0</difficult>
  <bndbox>
      <xmin>150</xmin>
    <ymin>0</ymin>
    <xmax>166</xmax>
    <ymax>14</ymax>
    </bndbox>
  </object>
</annotation>
