<?xml version='1.0' encoding='utf-8'?>
<annotation>
  <folder>Images</folder>
<filename>hard_hat_workers2123.png</filename>
<size>
    <width>416</width>
  <height>416</height>
  <depth>3</depth>
  </size>
<segmented>0</segmented>
<object>
    <name>Hardhat</name>
  <pose>Unspecified</pose>
  <turncated>0</turncated>
  <occluded>0</occluded>
  <difficult>0</difficult>
  <bndbox>
      <xmin>300</xmin>
    <ymin>182</ymin>
    <xmax>332</xmax>
    <ymax>217</ymax>
    </bndbox>
  </object>
<object>
    <name>Hardhat</name>
  <pose>Unspecified</pose>
  <turncated>0</turncated>
  <occluded>0</occluded>
  <difficult>0</difficult>
  <bndbox>
      <xmin>281</xmin>
    <ymin>206</ymin>
    <xmax>296</xmax>
    <ymax>226</ymax>
    </bndbox>
  </object>
<object>
    <name>Hardhat</name>
  <pose>Unspecified</pose>
  <turncated>0</turncated>
  <occluded>0</occluded>
  <difficult>0</difficult>
  <bndbox>
      <xmin>246</xmin>
    <ymin>190</ymin>
    <xmax>275</xmax>
    <ymax>223</ymax>
    </bndbox>
  </object>
</annotation>
