<?xml version='1.0' encoding='utf-8'?>
<annotation>
  <folder>Images</folder>
<filename>hard_hat_workers3932.png</filename>
<size>
    <width>416</width>
  <height>416</height>
  <depth>3</depth>
  </size>
<segmented>0</segmented>
<object>
    <name>Head</name>
  <pose>Unspecified</pose>
  <turncated>0</turncated>
  <occluded>0</occluded>
  <difficult>0</difficult>
  <bndbox>
      <xmin>167</xmin>
    <ymin>110</ymin>
    <xmax>198</xmax>
    <ymax>144</ymax>
    </bndbox>
  </object>
<object>
    <name>Head</name>
  <pose>Unspecified</pose>
  <turncated>0</turncated>
  <occluded>0</occluded>
  <difficult>0</difficult>
  <bndbox>
      <xmin>321</xmin>
    <ymin>138</ymin>
    <xmax>350</xmax>
    <ymax>166</ymax>
    </bndbox>
  </object>
<object>
    <name>Head</name>
  <pose>Unspecified</pose>
  <turncated>0</turncated>
  <occluded>0</occluded>
  <difficult>0</difficult>
  <bndbox>
      <xmin>346</xmin>
    <ymin>119</ymin>
    <xmax>379</xmax>
    <ymax>158</ymax>
    </bndbox>
  </object>
<object>
    <name>Head</name>
  <pose>Unspecified</pose>
  <turncated>0</turncated>
  <occluded>0</occluded>
  <difficult>0</difficult>
  <bndbox>
      <xmin>232</xmin>
    <ymin>99</ymin>
    <xmax>271</xmax>
    <ymax>138</ymax>
    </bndbox>
  </object>
<object>
    <name>Head</name>
  <pose>Unspecified</pose>
  <turncated>0</turncated>
  <occluded>0</occluded>
  <difficult>0</difficult>
  <bndbox>
      <xmin>265</xmin>
    <ymin>79</ymin>
    <xmax>307</xmax>
    <ymax>120</ymax>
    </bndbox>
  </object>
<object>
    <name>Head</name>
  <pose>Unspecified</pose>
  <turncated>0</turncated>
  <occluded>0</occluded>
  <difficult>0</difficult>
  <bndbox>
      <xmin>259</xmin>
    <ymin>0</ymin>
    <xmax>311</xmax>
    <ymax>32</ymax>
    </bndbox>
  </object>
<object>
    <name>Head</name>
  <pose>Unspecified</pose>
  <turncated>0</turncated>
  <occluded>0</occluded>
  <difficult>0</difficult>
  <bndbox>
      <xmin>234</xmin>
    <ymin>1</ymin>
    <xmax>271</xmax>
    <ymax>14</ymax>
    </bndbox>
  </object>
</annotation>
