<?xml version='1.0' encoding='utf-8'?>
<annotation>
  <folder>Images</folder>
<filename>hard_hat_workers238.png</filename>
<size>
    <width>416</width>
  <height>416</height>
  <depth>3</depth>
  </size>
<segmented>0</segmented>
<object>
    <name>Hardhat</name>
  <pose>Unspecified</pose>
  <turncated>0</turncated>
  <occluded>0</occluded>
  <difficult>0</difficult>
  <bndbox>
      <xmin>139</xmin>
    <ymin>151</ymin>
    <xmax>182</xmax>
    <ymax>199</ymax>
    </bndbox>
  </object>
<object>
    <name>Hardhat</name>
  <pose>Unspecified</pose>
  <turncated>0</turncated>
  <occluded>0</occluded>
  <difficult>0</difficult>
  <bndbox>
      <xmin>294</xmin>
    <ymin>302</ymin>
    <xmax>338</xmax>
    <ymax>337</ymax>
    </bndbox>
  </object>
</annotation>
