<?xml version='1.0' encoding='utf-8'?>
<annotation>
  <folder>Images</folder>
<filename>hard_hat_workers764.png</filename>
<size>
    <width>416</width>
  <height>416</height>
  <depth>3</depth>
  </size>
<segmented>0</segmented>
<object>
    <name>Hardhat</name>
  <pose>Unspecified</pose>
  <turncated>0</turncated>
  <occluded>0</occluded>
  <difficult>0</difficult>
  <bndbox>
      <xmin>174</xmin>
    <ymin>140</ymin>
    <xmax>191</xmax>
    <ymax>161</ymax>
    </bndbox>
  </object>
<object>
    <name>Hardhat</name>
  <pose>Unspecified</pose>
  <turncated>0</turncated>
  <occluded>0</occluded>
  <difficult>0</difficult>
  <bndbox>
      <xmin>204</xmin>
    <ymin>139</ymin>
    <xmax>221</xmax>
    <ymax>162</ymax>
    </bndbox>
  </object>
<object>
    <name>Hardhat</name>
  <pose>Unspecified</pose>
  <turncated>0</turncated>
  <occluded>0</occluded>
  <difficult>0</difficult>
  <bndbox>
      <xmin>134</xmin>
    <ymin>145</ymin>
    <xmax>155</xmax>
    <ymax>165</ymax>
    </bndbox>
  </object>
</annotation>
